id,title,description,cost,picture,google ratings,user ratings,hotness,group size,outdoor rating,indoor rating,photogenic,season,kid rating,adult rating,family rating,friend rating,crowd rating,category,alcohol
1,Champlin and Sons,Robust bandwidth-monitored forecast,free,http://dummyimage.com/212x100.png/ff4444/ffffff,4.9,2.98,,1,1.92,3.83,2.62,spring,2.68,,1.32,,,multi-tasking,false
2,Daniel and Sons,Secured homogeneous toolset,$$$,http://dummyimage.com/241x100.png/cc0000/ffffff,4.36,3.48,2.85,6,4.09,3.73,,,,1.75,,,3.05,emulation,true
3,Durgan-Ferry,Public-key regional superstructure,$,http://dummyimage.com/195x100.png/5fa2dd/ffffff,2.34,4.57,,5,2.8,2.41,3.84,winter,4.69,,,,,Phased,
4,Davis Group,Down-sized eco-centric attitude,free,http://dummyimage.com/164x100.png/dddddd/000000,2.54,,,,1.14,,,winter,,1.39,,,2.88,maximized,
5,Nolan and Sons,Secured optimal infrastructure,$,,2.33,,1.71,2,1.42,1.13,,spring,4.1,,4.52,,,architecture,true
6,O'Connell-Lueilwitz,Seamless web-enabled hub,$$,http://dummyimage.com/219x100.png/5fa2dd/ffffff,3.11,,,4,,,2.08,summer,,2.41,2.06,4.31,,foreground,false
7,Mann-Donnelly,Re-contextualized optimizing productivity,$$$,,1.03,,3.56,5,,,,winter,2.12,4.13,4.58,,,forecast,
8,Olson-Beer,Advanced incremental throughput,$$$,http://dummyimage.com/163x100.png/ff4444/ffffff,4.35,,1.31,3,1.97,,2.86,,,,2.88,,4.25,Polarised,
9,Bednar-Kohler,Networked needs-based moratorium,free,http://dummyimage.com/204x100.png/ff4444/ffffff,4.58,,,3,3.74,,3.06,,,2.46,1.48,2.11,4.56,structure,true
10,Renner-Muller,Diverse motivating solution,$$,http://dummyimage.com/212x100.png/5fa2dd/ffffff,4.74,1.53,,0,1.13,3.0,4.32,winter,,,,,2.21,explicit,false
11,"Bechtelar, Watsica and Heller",Seamless content-based firmware,free,http://dummyimage.com/162x100.png/5fa2dd/ffffff,1.45,,4.12,,1.1,,1.67,fall,1.55,3.72,4.87,,,Business-focused,true
12,Nicolas-Kozey,Diverse fresh-thinking productivity,$$$,http://dummyimage.com/198x100.png/ff4444/ffffff,1.87,,,0,4.06,2.87,2.88,,,3.57,1.64,,,,false
13,"Bashirian, Stehr and Kautzer",Intuitive optimal help-desk,$$$,http://dummyimage.com/179x100.png/dddddd/000000,3.94,1.76,4.88,6,3.18,,,winter,3.71,4.58,2.24,3.26,,methodical,false
14,Schaden-Wilderman,Up-sized reciprocal circuit,$$$,http://dummyimage.com/147x100.png/ff4444/ffffff,3.61,2.75,1.52,3,1.79,3.54,2.35,fall,3.47,2.32,1.32,2.14,2.85,Realigned,
15,Christiansen-Abshire,Stand-alone disintermediate Graphic Interface,$,http://dummyimage.com/173x100.png/cc0000/ffffff,4.08,,2.49,6,,,2.16,winter,,3.93,,,,,
16,"Towne, Stehr and Hessel",Future-proofed full-range focus group,$,http://dummyimage.com/219x100.png/ff4444/ffffff,1.94,1.9,4.17,1,,2.24,1.64,,,,,,2.59,,
17,Hartmann-Spencer,Seamless didactic function,free,,2.06,3.54,,6,2.85,,,spring,,,,,,,false
18,Olson-Roob,Realigned object-oriented protocol,$$$,,1.97,4.07,,5,4.68,4.79,2.99,,2.05,,1.7,,1.54,productivity,false
19,Williamson-Rice,Assimilated incremental artificial intelligence,$,http://dummyimage.com/169x100.png/cc0000/ffffff,4.87,,,,,4.97,3.91,,,4.95,1.2,2.15,,process improvement,
20,"Kutch, Fisher and Towne",Optional needs-based middleware,$$,http://dummyimage.com/250x100.png/dddddd/000000,2.36,,,1,2.84,4.24,2.99,,2.05,4.35,,3.97,,zero tolerance,false
21,"Rath, Abernathy and Abshire",Integrated bi-directional paradigm,$$,http://dummyimage.com/141x100.png/ff4444/ffffff,3.5,4.82,,,1.49,4.4,3.41,,,1.4,3.42,,2.26,,
22,Crooks-Gorczany,Team-oriented background hierarchy,$$,,3.7,,3.39,3,4.04,,2.48,fall,,,2.2,4.94,3.23,,
23,McKenzie-Schamberger,Managed leading edge conglomeration,free,http://dummyimage.com/200x100.png/cc0000/ffffff,3.71,,,,2.36,2.31,4.86,spring,3.6,,3.89,1.75,,monitoring,true
24,Ryan-Haag,Networked logistical hierarchy,$,http://dummyimage.com/133x100.png/dddddd/000000,3.75,,,,1.74,4.98,2.75,fall,,4.6,3.07,2.1,,,true
25,"Kub, Zulauf and Schuppe",Reverse-engineered directional archive,$,,1.06,,1.52,6,4.11,2.07,2.56,summer,1.01,,,,4.02,strategy,false
26,"Hodkiewicz, Hilll and Littel",Re-engineered uniform analyzer,$$$,http://dummyimage.com/197x100.png/dddddd/000000,4.92,3.82,1.65,2,,3.88,2.95,winter,1.15,,2.64,,,dedicated,true
27,"Luettgen, Mayert and Gibson",Digitized value-added function,,http://dummyimage.com/232x100.png/5fa2dd/ffffff,3.5,,2.45,,2.43,1.77,,summer,2.49,,4.25,,,,
28,Prosacco-Corwin,Advanced reciprocal project,$$$,http://dummyimage.com/214x100.png/dddddd/000000,2.55,,4.37,,,,3.1,fall,3.52,,3.57,,,global,false
29,Pagac Group,Business-focused directional contingency,$$$,http://dummyimage.com/197x100.png/cc0000/ffffff,4.11,4.1,,4,1.7,,1.53,spring,1.67,1.63,,,,support,true
30,Mraz Group,Re-contextualized dedicated secured line,$$,http://dummyimage.com/198x100.png/cc0000/ffffff,1.12,,3.05,5,3.17,1.21,3.43,fall,,,2.13,4.52,3.21,bifurcated,
31,Hyatt-Dicki,Cross-platform fault-tolerant array,$$$,http://dummyimage.com/192x100.png/dddddd/000000,3.76,,3.78,4,,4.74,1.17,winter,,,,1.44,,,
32,Lueilwitz-Maggio,Robust 24/7 data-warehouse,$,http://dummyimage.com/129x100.png/dddddd/000000,1.55,,,,2.51,1.29,,winter,,1.4,3.81,3.39,3.73,initiative,
33,Bechtelar-McGlynn,Distributed asynchronous portal,$$,http://dummyimage.com/116x100.png/cc0000/ffffff,3.6,,2.9,,,1.82,2.59,summer,2.38,2.91,2.52,1.71,,groupware,
34,Graham-Murray,Fundamental 24/7 archive,,http://dummyimage.com/145x100.png/5fa2dd/ffffff,4.43,1.93,,0,2.48,4.76,3.34,spring,2.66,3.18,3.22,,,groupware,
35,Mosciski Inc,Multi-layered national throughput,$$,http://dummyimage.com/249x100.png/dddddd/000000,4.58,,1.96,3,2.47,,3.78,fall,2.09,4.05,,,,support,false
36,"Runolfsson, Sporer and Kunze",Progressive eco-centric pricing structure,free,http://dummyimage.com/164x100.png/cc0000/ffffff,2.42,1.25,2.39,6,1.68,3.73,,summer,1.12,1.36,2.22,2.54,,Pre-emptive,true
37,"Prosacco, VonRueden and Muller",Up-sized solution-oriented concept,$$,http://dummyimage.com/246x100.png/cc0000/ffffff,1.23,,,4,1.23,4.63,,summer,3.1,,,,2.36,transitional,
38,Mayer Group,De-engineered 24 hour array,free,http://dummyimage.com/195x100.png/5fa2dd/ffffff,,1.12,,4,,1.97,4.72,,,1.72,1.77,,4.22,Multi-tiered,
39,"Yost, Rolfson and Wilkinson",Fundamental leading edge infrastructure,$,http://dummyimage.com/210x100.png/5fa2dd/ffffff,4.63,3.82,2.14,7,4.5,1.73,1.34,spring,1.91,,,1.98,,Compatible,true
40,Green-O'Keefe,Automated motivating projection,$$,http://dummyimage.com/159x100.png/5fa2dd/ffffff,2.09,,,6,4.34,4.56,1.54,,,1.5,,4.08,3.27,Decentralized,true
41,Johnston-McKenzie,Right-sized exuding knowledge base,$$$,,4.4,,2.46,3,,2.47,1.4,,,4.98,,1.38,3.64,analyzing,
42,"Walter, Sawayn and Hermann",Profound regional customer loyalty,$$,http://dummyimage.com/114x100.png/ff4444/ffffff,3.87,,,5,,,,spring,3.88,4.75,,2.77,,throughput,true
43,Greenholt-Schiller,Networked optimal open system,$$$,,4.06,1.62,,,,,,winter,3.23,4.25,2.12,,,throughput,
44,Lang Inc,Assimilated context-sensitive open architecture,$$$,http://dummyimage.com/110x100.png/5fa2dd/ffffff,,,4.23,,3.47,2.18,,spring,,,,1.06,3.79,needs-based,
45,Dach-Stokes,User-centric needs-based local area network,free,http://dummyimage.com/146x100.png/dddddd/000000,3.49,4.43,,,,,1.52,fall,,2.08,,1.93,,contextually-based,true
46,"Legros, Koch and Goldner",Right-sized full-range middleware,free,http://dummyimage.com/200x100.png/dddddd/000000,1.87,,4.77,6,,4.35,4.03,winter,,,3.29,1.2,1.01,,true
47,Heathcote Inc,Fundamental system-worthy intranet,$$,http://dummyimage.com/239x100.png/ff4444/ffffff,3.31,,2.26,5,,,,spring,,,,,,human-resource,
48,"MacGyver, Shanahan and Bartell",Future-proofed holistic synergy,free,http://dummyimage.com/214x100.png/ff4444/ffffff,3.31,,2.46,4,3.43,,1.35,summer,,,4.0,4.95,1.49,migration,false
49,Blick-Mertz,Proactive mobile migration,$,,1.67,4.8,,3,3.56,,,,,,3.8,1.67,,mobile,true
50,Boyer-Marquardt,Up-sized global system engine,$$$,http://dummyimage.com/204x100.png/dddddd/000000,2.31,4.82,,5,1.88,2.33,1.15,winter,1.57,2.26,2.79,,,Profound,false
51,Ernser-Spencer,Implemented directional process improvement,$,http://dummyimage.com/156x100.png/cc0000/ffffff,2.09,,,5,4.37,3.45,1.38,spring,1.76,2.33,,,,methodical,
52,Labadie-Jacobs,Open-architected asymmetric groupware,$,http://dummyimage.com/220x100.png/dddddd/000000,2.19,1.98,4.69,3,2.76,3.02,,fall,4.31,,1.22,,4.11,standardization,
53,Borer Inc,Virtual real-time protocol,$$,http://dummyimage.com/192x100.png/cc0000/ffffff,4.37,,,,3.53,,2.3,summer,3.5,,,4.43,,,
54,Moen-Moore,Stand-alone empowering middleware,$$,,3.77,,,8,,,3.13,summer,,2.8,3.9,1.27,,capability,
55,"Nienow, Kshlerin and Wiza",Self-enabling radical core,,http://dummyimage.com/148x100.png/dddddd/000000,1.95,,1.98,4,2.98,,3.27,summer,,,1.72,,,,false
56,"Bogisich, Bogan and Keebler",Upgradable asymmetric system engine,,,3.09,1.68,,5,4.35,2.48,1.57,,1.11,,,,1.43,Proactive,
57,O'Connell and Sons,Intuitive interactive parallelism,$$,http://dummyimage.com/160x100.png/dddddd/000000,4.43,2.81,2.94,4,,2.37,3.88,spring,,3.05,1.85,,,fresh-thinking,false
58,"Green, Sipes and Gleason",Digitized user-facing knowledge user,free,http://dummyimage.com/122x100.png/dddddd/000000,2.53,4.07,2.42,4,3.25,4.01,5.0,summer,,,,,,Reactive,true
59,"O'Connell, Wolff and Cartwright",Self-enabling encompassing superstructure,$,http://dummyimage.com/173x100.png/dddddd/000000,4.37,,2.25,5,,4.72,3.86,winter,,4.6,4.23,1.92,,time-frame,
60,"Rath, Simonis and Nikolaus",Ameliorated fault-tolerant array,free,,1.88,,,,4.87,1.18,3.56,fall,2.98,,,2.86,3.12,toolset,
61,"Frami, Krajcik and Dibbert",Multi-layered zero administration access,free,http://dummyimage.com/185x100.png/ff4444/ffffff,4.94,,,1,1.15,,,spring,3.84,,3.34,3.35,4.51,Ameliorated,
62,Marquardt-Deckow,Decentralized bandwidth-monitored support,free,http://dummyimage.com/148x100.png/5fa2dd/ffffff,3.17,,,2,1.54,3.48,4.93,winter,,,2.89,,1.11,Enhanced,
63,Feest Group,Upgradable clear-thinking circuit,free,http://dummyimage.com/109x100.png/ff4444/ffffff,,,4.6,6,4.78,1.78,1.13,summer,,,,1.98,,dynamic,false
64,"Funk, Zulauf and Predovic",User-friendly well-modulated interface,free,,1.67,,,7,2.68,2.17,2.57,summer,3.01,1.49,3.24,,,,true
65,Beatty-Pollich,Multi-layered disintermediate approach,$$$,http://dummyimage.com/169x100.png/5fa2dd/ffffff,2.84,,3.09,4,,4.6,1.25,,1.65,,,2.21,3.29,Quality-focused,
66,"Legros, Boyer and Heathcote",Expanded holistic data-warehouse,$$,http://dummyimage.com/246x100.png/cc0000/ffffff,3.34,3.49,3.29,,3.86,3.98,3.03,summer,3.13,,1.87,,,Integrated,true
67,Schinner-Runolfsson,Expanded non-volatile approach,$$,http://dummyimage.com/175x100.png/cc0000/ffffff,,,1.25,,3.24,,2.62,,3.23,,,,4.92,access,false
68,Ritchie Group,Open-architected system-worthy toolset,free,http://dummyimage.com/233x100.png/dddddd/000000,2.94,4.41,1.11,,2.07,3.76,,fall,,,,1.95,1.99,Horizontal,true
69,Ratke-Jacobi,Persistent 5th generation open architecture,$$$,,4.67,3.25,,3,3.49,2.69,,winter,4.85,2.54,4.24,1.35,,Self-enabling,true
70,Walsh-Dickinson,Devolved exuding access,$$$,,2.26,3.77,2.31,3,4.75,3.58,1.68,fall,4.26,,,,,migration,
71,"O'Connell, Lakin and Kilback",Organic real-time instruction set,,http://dummyimage.com/201x100.png/5fa2dd/ffffff,1.1,,1.5,2,1.37,,,,4.38,4.37,2.18,4.38,1.81,asymmetric,
72,Hilll-Daugherty,Object-based 3rd generation orchestration,$,,1.71,,,7,2.75,,4.7,winter,,2.21,2.59,,,,true
73,"Cummerata, Hermann and Lindgren",Right-sized grid-enabled artificial intelligence,$,http://dummyimage.com/155x100.png/cc0000/ffffff,4.01,4.59,,4,,2.95,1.34,,,2.22,,2.26,1.82,portal,
74,Bartoletti Group,Optional optimal challenge,$$,http://dummyimage.com/160x100.png/5fa2dd/ffffff,2.03,1.1,1.65,3,,2.2,4.35,spring,,4.43,2.64,4.98,,next generation,
75,Strosin-Jerde,Progressive optimizing application,,http://dummyimage.com/177x100.png/dddddd/000000,3.37,3.22,1.36,3,2.26,2.58,2.5,fall,,,,,2.42,24 hour,false
76,"Reilly, Kshlerin and Christiansen",Realigned analyzing infrastructure,$$,http://dummyimage.com/163x100.png/ff4444/ffffff,1.09,,1.72,,,1.97,,summer,2.97,3.47,,,,Multi-layered,false
77,Lind Group,Organized asymmetric core,$,http://dummyimage.com/127x100.png/cc0000/ffffff,1.78,4.48,1.16,,1.76,4.4,1.0,fall,4.71,,,,,,true
78,"Hoppe, O'Kon and Weimann",Visionary cohesive projection,$$$,http://dummyimage.com/118x100.png/cc0000/ffffff,4.82,,4.13,,3.41,4.84,4.06,fall,3.45,4.9,4.82,,,Polarised,false
79,Kuphal-Cruickshank,Pre-emptive zero administration task-force,$$,http://dummyimage.com/134x100.png/dddddd/000000,2.38,,1.92,,,3.95,3.56,spring,,,,3.85,3.57,mobile,
80,Powlowski LLC,Persistent maximized adapter,$$$,http://dummyimage.com/139x100.png/dddddd/000000,3.88,,3.55,,,4.07,1.14,summer,,,1.98,,2.68,Focused,
81,"Hettinger, Goyette and O'Hara",Upgradable bottom-line monitoring,$$$,,4.85,2.07,2.67,,2.48,4.07,4.4,,,,,,,model,false
82,Hyatt-Johnson,Monitored optimal projection,$,http://dummyimage.com/110x100.png/dddddd/000000,1.11,,3.3,7,2.18,1.67,4.56,summer,,,,,,,false
83,Cormier-Maggio,Managed client-server application,$$,http://dummyimage.com/122x100.png/cc0000/ffffff,,1.79,,4,,,2.93,,,2.43,,4.31,,local area network,false
84,Hackett LLC,Digitized exuding knowledge base,$,http://dummyimage.com/236x100.png/5fa2dd/ffffff,4.71,4.52,,,,2.76,2.42,summer,2.64,4.2,,2.41,,Organic,true
85,"Stroman, Friesen and Breitenberg",Profound stable adapter,$$,http://dummyimage.com/128x100.png/dddddd/000000,3.1,2.52,,,,1.11,3.68,,,,4.57,,,,false
86,"Champlin, Hauck and Kulas",Advanced intangible matrices,free,http://dummyimage.com/119x100.png/cc0000/ffffff,3.27,2.9,,,3.77,2.91,,spring,,4.56,,3.02,4.08,,
87,Effertz Group,Self-enabling homogeneous contingency,$$,http://dummyimage.com/119x100.png/dddddd/000000,2.61,,3.96,,2.77,2.55,3.7,,,3.95,1.52,,1.11,24/7,false
88,Schuster-Greenholt,Programmable bi-directional analyzer,$$,http://dummyimage.com/203x100.png/cc0000/ffffff,1.7,,4.05,3,2.13,3.77,,,,,3.09,,4.68,,
89,Davis LLC,Progressive zero defect knowledge user,$,http://dummyimage.com/173x100.png/dddddd/000000,2.27,2.9,1.29,3,,3.77,3.55,,,,,,1.06,task-force,true
90,Watsica-Trantow,Automated bottom-line workforce,$$,,4.7,,,5,2.6,,2.95,winter,,4.65,4.15,2.97,1.02,,true
91,VonRueden Inc,Extended national instruction set,$$,http://dummyimage.com/142x100.png/5fa2dd/ffffff,3.28,,,5,2.94,2.96,2.3,summer,4.56,,2.67,,3.52,,
92,"Turcotte, Mosciski and Price",Re-engineered regional leverage,$$,http://dummyimage.com/232x100.png/ff4444/ffffff,3.14,2.27,,,,4.0,,spring,,,4.21,,,client-server,true
93,"Tremblay, Hansen and Rowe",User-centric systemic hierarchy,$,http://dummyimage.com/216x100.png/dddddd/000000,2.47,,4.5,4,4.91,3.35,3.75,,2.33,2.37,1.74,4.58,3.04,architecture,false
94,"Wisoky, Larkin and Pfeffer",Pre-emptive executive firmware,$$,http://dummyimage.com/212x100.png/cc0000/ffffff,1.63,3.32,,,1.99,,,,2.85,3.43,,,2.04,,true
95,Stoltenberg-Haley,Team-oriented zero defect solution,$$$,http://dummyimage.com/224x100.png/ff4444/ffffff,3.66,2.99,,3,,2.3,,fall,2.83,3.23,4.44,3.29,1.99,Re-contextualized,
96,Swift and Sons,Compatible foreground customer loyalty,$$,,4.63,1.91,,5,,3.76,2.75,,4.51,1.99,,,,Organized,false
97,Carroll and Sons,Reactive intermediate knowledge base,$,http://dummyimage.com/147x100.png/5fa2dd/ffffff,3.37,2.8,,,4.33,,,winter,,,,,,holistic,false
98,Purdy-Ryan,Grass-roots zero administration throughput,free,http://dummyimage.com/193x100.png/dddddd/000000,1.93,,1.56,6,1.12,,1.85,summer,,,,,,,
99,"Price, Okuneva and Bayer",Adaptive national task-force,$$,http://dummyimage.com/144x100.png/ff4444/ffffff,4.5,,1.19,4,4.37,4.34,4.14,spring,3.82,,2.3,3.61,,,
100,Huel-Swift,Multi-layered fresh-thinking internet solution,free,http://dummyimage.com/212x100.png/dddddd/000000,4.18,,,5,4.39,2.15,3.68,spring,,,1.84,,3.54,Visionary,false
101,Hodkiewicz-Farrell,Visionary dynamic array,$,,1.87,1.56,,5,1.59,3.42,,spring,,1.73,,,1.97,contingency,true
102,Treutel-Medhurst,Stand-alone discrete approach,free,,4.28,,2.02,4,1.79,,3.2,spring,4.81,4.97,,4.21,4.72,local area network,false
103,Oberbrunner-Hauck,Implemented composite structure,$$,http://dummyimage.com/124x100.png/ff4444/ffffff,3.08,4.4,4.13,4,4.5,3.09,4.72,summer,,,,3.56,,adapter,
104,Kuhlman and Sons,Persevering reciprocal budgetary management,$,http://dummyimage.com/198x100.png/dddddd/000000,2.8,1.07,2.77,4,,,4.57,spring,,2.27,,,3.08,product,false
105,Satterfield and Sons,Open-source scalable migration,$$,,2.48,1.3,,,1.32,3.82,3.23,summer,,3.59,3.07,,4.6,database,
106,Dach-Larkin,Reverse-engineered tertiary system engine,,,3.26,2.67,,4,2.99,2.1,2.55,fall,1.17,,2.43,,2.42,full-range,true
107,Considine Group,Total radical database,$$,http://dummyimage.com/234x100.png/ff4444/ffffff,2.93,,4.84,,3.35,2.65,2.69,spring,,,,,4.62,core,
108,Prohaska and Sons,Implemented bandwidth-monitored superstructure,$$$,http://dummyimage.com/244x100.png/5fa2dd/ffffff,4.43,1.8,4.8,5,2.72,4.7,,,,3.94,4.22,4.03,,Polarised,
109,Runolfsdottir Group,Expanded didactic flexibility,,,1.43,,,,1.0,1.74,4.98,,,1.36,,4.31,,,true
110,Morissette-Rippin,Stand-alone coherent moratorium,$,http://dummyimage.com/126x100.png/cc0000/ffffff,3.95,4.01,4.63,7,1.29,2.51,,fall,,,,4.13,1.23,,true
111,"Heidenreich, Rau and Hintz",Distributed fresh-thinking knowledge user,free,http://dummyimage.com/164x100.png/cc0000/ffffff,4.27,,,4,1.95,4.81,3.78,,1.28,2.42,,3.21,3.62,incremental,false
112,Kirlin and Sons,Implemented multimedia data-warehouse,$,http://dummyimage.com/116x100.png/dddddd/000000,3.39,4.79,,3,3.55,4.88,,summer,,,,1.2,,Polarised,false
113,"Spinka, Heathcote and Schimmel",Cross-platform analyzing attitude,$,,4.56,4.15,,4,4.14,,1.22,,,,,2.68,,Graphical User Interface,true
114,Quitzon and Sons,Customer-focused optimizing contingency,$,,1.29,2.67,,,1.81,,3.86,summer,4.7,,1.28,,,functionalities,false
115,Lubowitz-Trantow,Networked scalable archive,$$$,,2.81,2.32,2.29,,4.11,2.96,3.08,spring,2.88,4.32,,1.16,2.65,real-time,true
116,D'Amore-Breitenberg,Switchable 24/7 strategy,$,,4.6,4.95,,3,,1.02,,,3.68,,1.22,,4.2,Persevering,
117,Witting LLC,Up-sized even-keeled solution,$,,4.45,3.33,4.93,,,2.34,,spring,2.82,1.39,1.82,2.83,,,
118,Hauck LLC,Streamlined tangible throughput,$$$,http://dummyimage.com/170x100.png/dddddd/000000,1.74,,,3,,4.29,3.9,winter,,4.19,4.59,2.87,,global,false
119,Bogisich Inc,Grass-roots neutral model,free,http://dummyimage.com/180x100.png/cc0000/ffffff,2.32,1.6,,3,3.52,,3.34,winter,,,,,2.19,functionalities,
120,"Langworth, Ernser and Hayes",Exclusive clear-thinking collaboration,$$,,3.03,1.18,2.93,,,4.03,,,4.97,,,4.15,4.57,software,
121,Hirthe-Gutkowski,Managed homogeneous internet solution,$,http://dummyimage.com/164x100.png/dddddd/000000,4.93,,,5,3.54,3.44,2.73,winter,4.57,4.87,1.52,3.2,4.54,Total,
122,Cremin Inc,Enterprise-wide modular neural-net,$$,http://dummyimage.com/109x100.png/5fa2dd/ffffff,3.78,,1.57,-2,2.39,,,,3.41,3.86,,2.46,1.35,initiative,true
123,Fadel Inc,Synergized optimizing encryption,$$,,2.9,2.98,,5,4.36,,2.16,winter,1.43,,4.7,,,Grass-roots,true
124,Dach-Bartoletti,Down-sized fault-tolerant emulation,$$$,http://dummyimage.com/187x100.png/cc0000/ffffff,4.16,4.97,1.2,6,,1.24,4.09,spring,,,,,,,
125,Bednar LLC,Organized systemic firmware,$,http://dummyimage.com/145x100.png/ff4444/ffffff,2.04,4.32,,5,2.79,1.71,2.33,fall,,,2.6,3.22,,Persevering,true
126,Satterfield-Cremin,Re-contextualized 3rd generation matrices,$,,,2.64,,,,,,fall,,,3.6,,,,
127,"Smith, Murray and Durgan",Visionary explicit alliance,$,http://dummyimage.com/217x100.png/dddddd/000000,4.21,,,6,,1.95,,winter,,4.32,1.39,,1.29,algorithm,true
128,Vandervort and Sons,Advanced intermediate complexity,$$$,http://dummyimage.com/249x100.png/5fa2dd/ffffff,1.91,,2.87,4,,1.81,,summer,,,3.09,,,regional,
129,Lemke Group,Managed zero defect initiative,$$,http://dummyimage.com/141x100.png/dddddd/000000,1.01,1.05,,5,1.84,,3.27,summer,,3.86,1.3,,4.69,projection,
130,"Gusikowski, Bosco and Okuneva",Reactive intermediate hardware,free,http://dummyimage.com/211x100.png/dddddd/000000,1.23,,,5,4.61,4.74,2.11,winter,2.05,4.03,,3.22,2.34,mission-critical,true
131,Ebert Inc,Secured content-based focus group,$$$,http://dummyimage.com/176x100.png/dddddd/000000,4.34,,4.46,,3.11,4.66,,spring,2.54,,1.41,2.08,,,true
132,DuBuque-Brakus,Decentralized heuristic middleware,$$$,http://dummyimage.com/169x100.png/cc0000/ffffff,2.8,,1.09,5,3.06,2.07,1.34,,1.67,,3.7,1.86,4.41,budgetary management,false
133,"Barrows, Heathcote and Williamson",Advanced static groupware,$$$,http://dummyimage.com/118x100.png/cc0000/ffffff,1.42,,,,2.42,2.69,2.42,fall,,1.49,1.41,3.6,,heuristic,true
134,Kulas-Wiza,Automated maximized firmware,$$,http://dummyimage.com/230x100.png/cc0000/ffffff,4.16,4.44,2.2,0,2.71,,3.84,winter,,4.72,4.88,2.46,,,true
135,Yundt-Aufderhar,Profit-focused bi-directional function,free,,3.69,,,0,3.55,,,summer,,,4.48,,1.86,Cross-platform,true
136,Wisoky-Schuppe,Multi-tiered 24/7 interface,free,http://dummyimage.com/191x100.png/dddddd/000000,1.28,,2.07,-2,1.01,4.73,4.55,fall,,,3.76,3.26,3.21,Inverse,
137,"Heaney, Rath and Larson",Customer-focused responsive archive,free,http://dummyimage.com/206x100.png/5fa2dd/ffffff,2.9,,4.5,4,,3.99,,winter,,,3.53,,2.01,approach,
138,Langworth Group,Upgradable well-modulated database,,http://dummyimage.com/127x100.png/dddddd/000000,3.53,,4.81,2,,2.74,,spring,2.71,,,2.46,1.64,,true
139,O'Kon-Sawayn,Secured value-added knowledge base,$,http://dummyimage.com/128x100.png/cc0000/ffffff,3.22,,,5,,4.83,1.25,winter,,4.57,1.26,4.82,1.93,,false
140,Kerluke-Hammes,Up-sized multimedia support,$$$,http://dummyimage.com/106x100.png/ff4444/ffffff,1.28,,,4,,2.96,3.37,fall,4.15,,,,4.72,array,true
141,Kohler-Crooks,Multi-tiered asynchronous capacity,$$,,4.53,1.55,1.09,,2.01,1.9,3.47,,,,,3.87,4.16,Synchronised,
142,D'Amore-Koss,User-centric exuding interface,,http://dummyimage.com/124x100.png/5fa2dd/ffffff,1.68,3.17,,,,,,spring,,,,,1.87,,
143,"Stoltenberg, O'Hara and Russel",Total mobile synergy,$$$,http://dummyimage.com/130x100.png/dddddd/000000,1.61,2.8,,0,4.41,1.5,2.93,winter,2.12,,2.39,2.26,,upward-trending,false
144,Lehner Inc,Enterprise-wide exuding access,$,http://dummyimage.com/204x100.png/ff4444/ffffff,1.53,2.03,,,1.51,2.4,,fall,,,4.4,2.45,,hub,
145,Bailey and Sons,Digitized composite solution,,http://dummyimage.com/135x100.png/cc0000/ffffff,,,,-1,1.32,,1.04,fall,,,1.09,3.76,,conglomeration,
146,Cole-Koepp,Expanded well-modulated system engine,$$$,http://dummyimage.com/217x100.png/dddddd/000000,2.67,3.76,,4,,4.51,3.97,,,1.32,2.66,1.45,,capability,true
147,"Davis, Von and Marks",Monitored static open system,$$$,http://dummyimage.com/239x100.png/ff4444/ffffff,3.83,,1.65,4,2.14,4.86,3.77,fall,1.61,3.25,,,2.35,zero tolerance,false
148,Hermiston Group,Horizontal grid-enabled budgetary management,$,http://dummyimage.com/159x100.png/ff4444/ffffff,3.12,4.21,2.69,3,,4.92,2.61,summer,,1.4,4.72,4.13,4.31,modular,
149,"Nikolaus, Sauer and Friesen",Distributed interactive throughput,$$,http://dummyimage.com/162x100.png/dddddd/000000,2.55,,,4,1.3,1.12,,fall,,,4.59,,3.18,Ameliorated,
150,"Vandervort, Kilback and Gleichner",Seamless local attitude,$$$,http://dummyimage.com/190x100.png/5fa2dd/ffffff,2.02,,,6,,2.41,2.65,,,3.91,4.56,,2.43,zero defect,false
151,Wolf Inc,Ameliorated intangible info-mediaries,free,http://dummyimage.com/233x100.png/5fa2dd/ffffff,2.07,1.41,,0,4.48,3.05,4.61,spring,,,,,3.96,utilisation,true
152,Swift Group,Advanced intangible standardization,$$,http://dummyimage.com/144x100.png/cc0000/ffffff,3.94,,,2,4.14,2.64,1.35,fall,,1.73,,,1.19,software,true
153,Crona and Sons,Programmable web-enabled adapter,$$$,,,,1.05,,2.62,4.35,1.12,spring,,3.93,,1.41,,instruction set,
154,Dickinson-Hyatt,Stand-alone national access,free,http://dummyimage.com/141x100.png/5fa2dd/ffffff,3.4,3.3,,,4.45,2.9,3.94,winter,,,,2.16,,Synergized,
155,Kub-Hilll,Networked interactive pricing structure,$,,1.29,3.29,,3,2.33,3.08,,fall,1.87,,1.57,2.88,1.55,time-frame,true
156,Wiegand-Kshlerin,Organic demand-driven installation,,http://dummyimage.com/125x100.png/cc0000/ffffff,4.7,4.83,2.52,,,,3.36,summer,4.49,3.01,,,1.22,capacity,true
157,"O'Kon, Parker and Raynor",Ergonomic bandwidth-monitored flexibility,free,http://dummyimage.com/127x100.png/dddddd/000000,3.04,2.71,2.39,3,,2.27,1.91,fall,,,4.62,,4.81,Realigned,
158,Doyle-Emmerich,Mandatory global approach,$$,http://dummyimage.com/131x100.png/ff4444/ffffff,2.29,,1.64,2,2.56,4.01,1.25,fall,1.41,,2.82,3.86,,radical,true
159,"Cole, Abshire and Moen",Total heuristic open architecture,$$$,http://dummyimage.com/225x100.png/ff4444/ffffff,1.99,2.24,4.34,7,,1.62,4.47,fall,4.62,2.24,3.5,4.32,3.57,encoding,false
160,Robel-Prosacco,Quality-focused fresh-thinking paradigm,$$,http://dummyimage.com/246x100.png/dddddd/000000,2.65,,3.87,,,4.13,4.56,summer,4.0,2.13,1.89,1.74,2.18,Enhanced,
161,Walker and Sons,Persevering bifurcated protocol,$,http://dummyimage.com/210x100.png/5fa2dd/ffffff,4.04,4.72,4.12,5,3.64,,,winter,,,,,,groupware,
162,Lesch-Greenfelder,Managed asynchronous circuit,$$,http://dummyimage.com/219x100.png/ff4444/ffffff,2.55,3.31,,6,,3.74,,fall,4.52,,4.18,3.47,1.29,,false
163,Lang-Prohaska,Synergistic global benchmark,,http://dummyimage.com/229x100.png/cc0000/ffffff,3.35,1.51,1.39,3,3.27,1.22,,winter,,,1.31,1.69,,responsive,
164,Johnston-Tillman,Cloned interactive utilisation,,http://dummyimage.com/196x100.png/cc0000/ffffff,1.34,2.89,4.14,1,3.86,1.02,2.65,,,,1.58,,,asymmetric,
165,"Jacobs, Terry and Armstrong",De-engineered asymmetric intranet,free,http://dummyimage.com/168x100.png/ff4444/ffffff,1.58,,,,,,1.02,,3.33,1.06,1.74,,,application,false
166,Torphy-Ortiz,Secured clear-thinking alliance,$$,http://dummyimage.com/190x100.png/cc0000/ffffff,2.68,1.46,,6,1.55,4.8,3.9,spring,1.6,,,1.72,,Open-source,
167,Hills-Leuschke,Secured scalable toolset,$$,http://dummyimage.com/212x100.png/ff4444/ffffff,1.46,4.25,,,1.12,3.5,2.62,summer,2.51,,4.81,,,frame,
168,"Parisian, Quigley and Collier",Managed web-enabled leverage,free,http://dummyimage.com/167x100.png/cc0000/ffffff,4.34,1.35,2.75,4,1.36,2.34,1.17,,,1.95,,2.07,2.35,Profound,
169,Torphy and Sons,Synchronised multi-state model,$$,,4.42,2.31,,,4.34,3.38,2.34,summer,,1.47,,1.15,1.38,Team-oriented,
170,"Koss, Tromp and Brakus",Synergistic directional portal,$,http://dummyimage.com/178x100.png/dddddd/000000,2.75,1.19,,5,,3.99,1.52,,,,4.34,,4.26,optimal,
171,Smitham Group,Business-focused leading edge open system,$$$,http://dummyimage.com/162x100.png/5fa2dd/ffffff,2.17,1.88,,8,1.21,1.33,3.21,,3.31,,3.33,4.35,3.4,Re-contextualized,
172,Swift Group,Polarised background success,$$$,http://dummyimage.com/234x100.png/5fa2dd/ffffff,1.79,,1.72,4,,,3.83,spring,3.83,,2.66,,4.36,Synergized,true
173,Sawayn and Sons,Multi-tiered background matrices,$$,http://dummyimage.com/218x100.png/dddddd/000000,1.64,,4.67,2,4.05,4.58,1.71,spring,1.51,,3.11,2.36,,scalable,true
174,Powlowski-Gutkowski,Expanded zero defect middleware,$$,http://dummyimage.com/121x100.png/dddddd/000000,4.93,,,6,2.84,1.07,1.36,winter,,2.79,,,,grid-enabled,false
175,"Kessler, Raynor and Blanda",Persevering solution-oriented array,$,http://dummyimage.com/231x100.png/5fa2dd/ffffff,3.67,3.93,,6,2.99,2.09,1.12,winter,,,1.99,,3.98,implementation,
176,"Becker, Kertzmann and Purdy",Exclusive executive access,$$$,,3.79,3.17,4.55,,,2.3,,,1.22,2.85,3.42,,4.18,knowledge base,
177,"Kunze, Terry and Jacobi",Virtual holistic intranet,free,,3.16,,4.39,4,2.33,,4.12,,,1.16,,,1.17,object-oriented,true
178,"Turner, Wolf and Von",Right-sized object-oriented budgetary management,$$$,http://dummyimage.com/183x100.png/cc0000/ffffff,3.44,4.1,3.42,7,,4.75,,winter,,4.17,2.33,3.81,3.12,fault-tolerant,true
179,Tillman Group,Multi-layered zero administration hub,$$$,http://dummyimage.com/105x100.png/5fa2dd/ffffff,1.19,,3.25,0,3.44,3.17,1.22,,,4.07,,,,forecast,true
180,Carter-Lang,Enterprise-wide static frame,$$,http://dummyimage.com/136x100.png/5fa2dd/ffffff,1.83,4.05,2.64,,,4.39,,,,1.5,3.28,,,Profit-focused,false
181,Powlowski-Borer,Extended responsive adapter,$,http://dummyimage.com/204x100.png/ff4444/ffffff,3.97,4.32,,4,4.41,1.83,2.5,,4.87,3.46,,,3.33,Decentralized,false
182,"Little, Langosh and Green",Implemented holistic array,$$$,http://dummyimage.com/133x100.png/cc0000/ffffff,1.24,4.65,,4,,4.91,3.12,spring,4.79,,4.09,,1.09,fault-tolerant,false
183,"Anderson, Moen and Kling",Networked stable moderator,,http://dummyimage.com/108x100.png/dddddd/000000,3.5,,3.66,6,2.89,3.87,,spring,1.06,,4.22,,4.87,,
184,Kassulke-Hegmann,Proactive exuding help-desk,$$,http://dummyimage.com/230x100.png/dddddd/000000,4.06,,2.2,2,4.68,3.93,3.41,,4.53,1.62,,,3.98,,true
185,"Schiller, Pouros and Steuber",Visionary logistical functionalities,$$,,1.15,,4.88,4,,1.83,,summer,,1.93,,1.12,1.81,Switchable,false
186,"Bailey, Rippin and Ullrich",Reduced web-enabled migration,$,http://dummyimage.com/118x100.png/dddddd/000000,4.25,,,,,1.38,2.27,spring,,3.74,,3.01,,,true
187,Hane Group,Pre-emptive explicit alliance,$$$,http://dummyimage.com/242x100.png/cc0000/ffffff,1.74,,4.48,7,1.09,,1.22,fall,1.82,3.19,,,,homogeneous,
188,Satterfield-Dickinson,Open-source multi-state solution,free,,2.72,3.3,,5,2.24,2.61,,,,,,,2.24,instruction set,
189,Hilll-Jerde,Ameliorated high-level task-force,$,,3.05,2.29,2.19,6,,1.17,2.6,,,,3.74,3.31,3.02,Secured,true
190,Abbott-McDermott,Multi-tiered modular instruction set,$,http://dummyimage.com/203x100.png/ff4444/ffffff,2.4,1.16,,,4.71,2.59,,,1.28,2.94,1.65,4.21,2.33,fresh-thinking,true
191,Boehm Inc,Total radical solution,$$,http://dummyimage.com/235x100.png/ff4444/ffffff,4.46,,,,2.64,1.48,3.51,summer,3.05,3.83,2.28,4.37,2.22,solution,false
192,O'Connell-Mayer,Front-line leading edge customer loyalty,$$$,http://dummyimage.com/234x100.png/5fa2dd/ffffff,3.04,,,2,3.13,2.1,4.35,spring,1.84,,,4.12,3.44,Graphic Interface,
193,Nolan-Orn,Up-sized stable infrastructure,$$,http://dummyimage.com/144x100.png/5fa2dd/ffffff,1.18,,,5,3.02,2.55,2.33,spring,,2.68,,4.97,1.79,Stand-alone,
194,"Gutmann, Feil and Ritchie",Triple-buffered composite capability,$,http://dummyimage.com/226x100.png/ff4444/ffffff,1.28,1.76,,4,2.29,1.29,1.22,spring,1.39,,4.16,3.3,2.8,Optimized,true
195,Gorczany-Bogisich,Robust optimizing core,free,http://dummyimage.com/247x100.png/ff4444/ffffff,4.48,4.75,,4,,,,winter,3.39,4.99,2.1,3.74,,Right-sized,
196,Klein Group,Proactive didactic policy,,http://dummyimage.com/160x100.png/5fa2dd/ffffff,4.51,,3.17,1,4.45,,,summer,4.34,,1.65,4.06,3.21,,
197,Hahn-Borer,User-centric client-driven complexity,$$$,http://dummyimage.com/111x100.png/5fa2dd/ffffff,1.8,1.78,4.55,,2.64,2.65,,,,3.14,3.91,4.86,,extranet,false
198,Kuhn Inc,Persevering intermediate methodology,$$,http://dummyimage.com/228x100.png/dddddd/000000,1.63,4.48,,,,2.51,,spring,4.37,,,,2.47,bi-directional,
199,Russel-Buckridge,Cross-group zero tolerance collaboration,$,http://dummyimage.com/224x100.png/5fa2dd/ffffff,1.23,,,2,4.85,,4.23,fall,4.6,,,,,policy,false
200,"Green, Miller and Blick",Compatible full-range middleware,$$,http://dummyimage.com/198x100.png/ff4444/ffffff,1.12,1.78,,4,4.7,2.78,3.03,,,1.91,,,3.29,,true
201,Crona-Zboncak,Adaptive foreground website,free,,3.11,,3.52,4,,4.1,2.16,,1.16,,4.34,2.2,,help-desk,false
202,Bergnaum-Kuhn,Open-source grid-enabled portal,$,,4.5,,,4,3.64,3.75,,,,,4.39,,,Stand-alone,false
203,"Ledner, Schuster and Schaefer",Profound multi-state productivity,free,http://dummyimage.com/203x100.png/ff4444/ffffff,3.52,,,4,,,,fall,,,,,,,false
204,Kunze Group,Multi-tiered national paradigm,$,http://dummyimage.com/204x100.png/ff4444/ffffff,4.61,4.59,,6,1.44,4.93,,winter,3.62,,,3.07,,hub,true
205,"Bartoletti, Bayer and Pfeffer",Automated real-time pricing structure,free,,3.92,3.01,2.57,,4.51,2.12,2.27,summer,,2.27,,,,frame,true
206,Durgan-Boehm,Secured 4th generation process improvement,$$$,http://dummyimage.com/194x100.png/cc0000/ffffff,3.13,2.0,1.31,6,3.81,2.31,4.18,fall,,,4.41,2.59,,needs-based,
207,Waters-Kozey,Inverse 3rd generation solution,$$,http://dummyimage.com/226x100.png/5fa2dd/ffffff,2.99,3.58,,,,3.44,1.11,,,,,2.81,,,false
208,"Kuhn, Borer and Johnson",Multi-tiered maximized access,$,http://dummyimage.com/179x100.png/ff4444/ffffff,3.02,1.24,1.54,7,2.32,3.53,1.67,spring,,,3.08,,2.66,maximized,true
209,Aufderhar LLC,Focused solution-oriented customer loyalty,$$,http://dummyimage.com/148x100.png/cc0000/ffffff,4.87,,3.32,4,3.0,2.9,1.49,spring,,,2.53,2.06,,User-friendly,false
210,"Haag, Goldner and Rippin",Optional client-server budgetary management,$,,4.81,3.98,,2,1.38,1.36,3.14,spring,,,4.39,2.36,1.17,archive,false
211,Connelly-Krajcik,Virtual multimedia challenge,free,,2.31,1.01,,1,4.45,,1.14,fall,2.96,1.61,,3.89,,,
212,Reilly LLC,Quality-focused grid-enabled capability,$,http://dummyimage.com/196x100.png/ff4444/ffffff,4.06,2.3,1.5,,4.43,2.94,2.4,winter,4.58,2.3,2.4,1.19,3.41,moratorium,
213,McKenzie-Bins,Decentralized explicit success,$$,http://dummyimage.com/219x100.png/ff4444/ffffff,3.05,2.99,,3,1.26,4.65,2.87,winter,4.9,2.23,,,3.46,challenge,true
214,McCullough-Swift,Pre-emptive interactive success,free,,1.67,2.73,3.51,6,3.78,,2.85,spring,,,,,,Seamless,
215,"West, Rolfson and Tromp",Proactive empowering productivity,free,,4.52,2.89,,,2.74,1.49,,summer,,,3.16,1.03,3.47,scalable,
216,Wilkinson Group,Profit-focused clear-thinking infrastructure,free,http://dummyimage.com/215x100.png/5fa2dd/ffffff,3.71,,1.83,3,,2.32,,,4.48,3.88,,,,help-desk,true
217,Robel Inc,Pre-emptive analyzing application,$$,,3.58,2.01,,5,4.74,,3.73,winter,1.36,2.16,,,,Profit-focused,false
218,"Ankunding, Krajcik and Kovacek",Virtual interactive customer loyalty,$$,,3.43,1.03,3.09,7,,,1.33,fall,,4.52,1.81,4.38,,info-mediaries,true
219,Ernser-Bruen,Open-source user-facing knowledge base,$,http://dummyimage.com/227x100.png/5fa2dd/ffffff,4.76,,1.01,2,1.32,3.63,,,,1.79,,,,holistic,true
220,"Kilback, Oberbrunner and Kohler",Optimized dynamic structure,free,,4.02,1.24,2.97,,2.74,2.45,3.62,winter,,,1.71,4.8,,Synergized,false
221,"Hayes, Funk and Frami",Object-based systemic open system,free,http://dummyimage.com/152x100.png/5fa2dd/ffffff,4.82,,2.31,6,,3.53,4.39,fall,2.31,1.3,,,4.49,Synergistic,
222,Kautzer-Breitenberg,Stand-alone optimizing flexibility,free,http://dummyimage.com/228x100.png/5fa2dd/ffffff,3.63,,,6,2.54,2.79,4.8,spring,,,4.36,,,Operative,
223,"Lind, Schmitt and Hills",User-centric bandwidth-monitored portal,$$$,http://dummyimage.com/225x100.png/5fa2dd/ffffff,3.62,,,4,4.8,1.67,,,,3.86,,,1.71,Streamlined,
224,Weissnat-Pollich,Grass-roots methodical database,free,http://dummyimage.com/196x100.png/ff4444/ffffff,1.09,,2.73,8,4.91,2.9,4.95,summer,2.19,,3.53,,3.68,bifurcated,false
225,"Dicki, Swift and Morissette",Re-contextualized solution-oriented algorithm,$$,http://dummyimage.com/188x100.png/5fa2dd/ffffff,4.22,4.98,,,3.9,2.04,2.94,,4.34,,,,,Triple-buffered,false
226,Kuhn and Sons,Multi-channelled optimizing moratorium,$,http://dummyimage.com/250x100.png/dddddd/000000,3.26,1.02,4.11,,3.22,,1.49,summer,,,,,,migration,true
227,Wyman and Sons,Configurable heuristic core,free,http://dummyimage.com/172x100.png/dddddd/000000,2.51,2.78,,5,3.59,2.19,2.37,,,,,,,,
228,Lowe-Monahan,Phased executive customer loyalty,free,http://dummyimage.com/249x100.png/cc0000/ffffff,2.42,2.33,,,2.0,,,summer,,3.85,1.7,4.12,,Decentralized,true
229,"Wisozk, Treutel and Feest",Streamlined bifurcated monitoring,$,http://dummyimage.com/104x100.png/5fa2dd/ffffff,1.03,2.77,,,3.96,,,winter,,3.29,,,,Compatible,
230,Adams and Sons,Enterprise-wide user-facing framework,$$,http://dummyimage.com/202x100.png/cc0000/ffffff,2.49,1.01,3.89,5,,1.35,1.62,winter,3.41,4.74,1.17,,4.81,,
231,McKenzie-Gerlach,Phased coherent benchmark,$,http://dummyimage.com/140x100.png/dddddd/000000,1.77,2.71,,6,2.77,1.02,1.63,summer,1.28,1.16,,2.95,,migration,
232,Bailey Inc,Automated optimizing paradigm,$$$,http://dummyimage.com/138x100.png/dddddd/000000,2.59,,2.71,5,,1.55,4.36,fall,,2.65,,1.79,,methodical,false
233,Lynch LLC,Exclusive intermediate algorithm,free,http://dummyimage.com/141x100.png/dddddd/000000,4.54,,,3,,3.39,1.31,,4.69,2.19,2.18,,2.28,Automated,false
234,Osinski-Wunsch,Adaptive disintermediate algorithm,$,http://dummyimage.com/236x100.png/ff4444/ffffff,4.15,4.02,4.79,2,1.66,4.11,4.88,spring,,,,,,,false
235,Aufderhar-O'Reilly,Persevering leading edge migration,$$$,http://dummyimage.com/120x100.png/dddddd/000000,,,3.54,6,1.11,3.86,,summer,2.41,,,3.34,,encoding,false
236,Schroeder-Turner,Down-sized analyzing product,$,http://dummyimage.com/179x100.png/dddddd/000000,,,,,,,3.55,fall,,,,3.05,,,
237,"O'Reilly, Weimann and Monahan",Down-sized 5th generation hierarchy,$$,,4.98,3.13,4.87,4,3.39,,4.36,spring,,,,,3.8,Multi-lateral,
238,Watsica-Harvey,Polarised uniform Graphic Interface,free,http://dummyimage.com/189x100.png/ff4444/ffffff,2.53,1.98,1.41,5,4.2,1.6,3.32,spring,4.4,2.74,2.97,2.67,1.75,real-time,true
239,Abbott-Ziemann,Visionary tertiary monitoring,,http://dummyimage.com/194x100.png/5fa2dd/ffffff,2.8,2.29,,,4.19,,4.26,fall,,2.67,,,,real-time,false
240,Nolan-Walsh,Synergized systematic methodology,free,http://dummyimage.com/104x100.png/ff4444/ffffff,3.86,2.81,4.27,6,1.18,4.27,,summer,4.71,,,2.07,,success,
241,Yost-Kub,Polarised intangible utilisation,$$$,http://dummyimage.com/164x100.png/5fa2dd/ffffff,4.81,2.24,,2,2.73,1.74,4.75,fall,,,2.08,,,migration,
242,Kirlin-Borer,Optional zero tolerance infrastructure,$$,http://dummyimage.com/203x100.png/5fa2dd/ffffff,3.2,,2.02,5,4.52,2.86,,spring,,4.58,3.61,,,tangible,false
243,Daugherty and Sons,Reactive executive projection,$$$,,4.42,4.73,,,,1.39,3.86,summer,1.65,3.19,1.85,4.47,2.72,knowledge base,
244,Smith Group,Innovative eco-centric info-mediaries,$$,,,,3.72,3,1.83,3.84,,,2.25,,,,4.35,synergy,true
245,Langworth and Sons,Focused neutral hub,,http://dummyimage.com/244x100.png/cc0000/ffffff,1.33,,,5,3.71,3.95,,winter,3.16,,,2.17,,,true
246,Kihn Group,Robust tangible budgetary management,,http://dummyimage.com/228x100.png/5fa2dd/ffffff,1.14,,,2,,,,,2.29,,3.54,,3.27,,true
247,"Strosin, Sauer and Schaefer",Managed 24 hour synergy,$,http://dummyimage.com/194x100.png/cc0000/ffffff,2.71,,4.26,3,,2.72,,,,,3.02,4.4,,analyzer,true
248,"Beahan, Sauer and Frami",Intuitive user-facing definition,$$,http://dummyimage.com/153x100.png/5fa2dd/ffffff,4.44,,,4,3.59,1.32,2.81,fall,,,,,1.82,flexibility,false
249,Koch LLC,Robust foreground matrix,free,,1.7,,,4,,,1.45,,2.86,,,,4.29,budgetary management,false
250,Bogan-Little,Multi-layered optimizing portal,free,,2.49,,,,1.39,2.06,,spring,,,,2.05,,projection,true
251,Boyle and Sons,Versatile reciprocal intranet,$$,,4.78,,,5,4.13,3.57,4.46,,,2.5,2.96,,,Down-sized,true
252,Lehner-Ward,Realigned solution-oriented structure,free,http://dummyimage.com/113x100.png/5fa2dd/ffffff,2.17,4.62,3.4,2,1.04,1.6,,spring,1.45,2.53,4.32,,,reciprocal,
253,Upton and Sons,Reduced 3rd generation knowledge base,free,,3.39,4.97,3.65,4,1.54,,3.71,,,1.76,,4.41,4.43,Re-contextualized,
254,Stroman LLC,Focused grid-enabled definition,$,http://dummyimage.com/175x100.png/dddddd/000000,4.73,,1.95,4,,,2.7,,,,,2.42,,content-based,false
255,Hilll Group,Open-source foreground capability,$$,http://dummyimage.com/183x100.png/dddddd/000000,4.18,4.92,,,2.89,,3.18,winter,2.05,4.56,3.14,,2.28,,true
256,Mosciski LLC,Visionary encompassing focus group,free,http://dummyimage.com/178x100.png/ff4444/ffffff,4.06,,,2,3.6,,4.09,,,1.48,4.53,4.74,,reciprocal,
257,"Botsford, Satterfield and Breitenberg",Implemented regional service-desk,free,http://dummyimage.com/243x100.png/ff4444/ffffff,3.05,,3.99,4,3.23,1.01,4.5,fall,,,2.09,1.17,2.22,background,false
258,"Fay, Doyle and Kreiger",Synchronised upward-trending instruction set,free,http://dummyimage.com/158x100.png/dddddd/000000,1.98,,,5,,2.98,,fall,3.24,1.47,,3.35,,strategy,
259,Parisian Group,Persevering multimedia budgetary management,,http://dummyimage.com/231x100.png/ff4444/ffffff,4.52,,,,,,4.99,summer,2.29,,,4.84,3.25,implementation,
260,Nicolas-Keebler,Seamless exuding framework,$,http://dummyimage.com/100x100.png/cc0000/ffffff,3.47,3.76,,4,1.77,4.45,,,1.87,,1.01,,4.53,bottom-line,
261,Crooks-Pfannerstill,Down-sized systemic concept,$$$,http://dummyimage.com/162x100.png/5fa2dd/ffffff,4.6,,,2,3.09,,2.86,winter,4.4,,1.56,2.48,,Function-based,true
262,Dickens-Keeling,Quality-focused clear-thinking workforce,$$,http://dummyimage.com/167x100.png/5fa2dd/ffffff,2.48,1.21,4.57,5,1.82,,,,4.87,3.12,,3.22,3.27,6th generation,
263,Brakus and Sons,Profound cohesive collaboration,$$$,http://dummyimage.com/110x100.png/cc0000/ffffff,3.74,,,5,,,3.41,,4.75,,2.1,3.28,4.53,artificial intelligence,
264,Lemke-Nicolas,User-centric coherent hierarchy,$$,,4.55,,,2,,,1.22,fall,3.13,,3.59,,2.46,stable,false
265,Lakin Group,Face to face grid-enabled data-warehouse,$,,1.53,3.07,1.68,,1.98,2.63,,,1.06,,4.68,,,Multi-lateral,false
266,Bins LLC,Synergistic uniform product,$$$,http://dummyimage.com/245x100.png/cc0000/ffffff,2.28,,2.99,,1.43,1.48,3.53,spring,,2.13,,,2.44,radical,false
267,Lueilwitz Inc,Multi-layered regional analyzer,$$,http://dummyimage.com/213x100.png/dddddd/000000,2.99,,1.92,0,2.25,4.62,,spring,,,3.0,,,,
268,Swift and Sons,Streamlined needs-based adapter,$,,2.02,3.05,2.36,3,3.37,4.81,3.83,,3.98,3.62,4.57,,,Fundamental,true
269,Stoltenberg and Sons,Re-engineered disintermediate encryption,$$,http://dummyimage.com/173x100.png/5fa2dd/ffffff,2.93,,,5,2.53,2.31,1.3,fall,4.2,3.5,3.2,3.59,,system engine,true
270,Stamm-Gerhold,Persistent non-volatile service-desk,$$,http://dummyimage.com/220x100.png/5fa2dd/ffffff,4.95,4.95,,7,,3.03,2.07,fall,2.36,2.87,3.81,3.08,4.64,service-desk,
271,Cruickshank and Sons,Profound didactic database,$$,http://dummyimage.com/218x100.png/dddddd/000000,3.99,1.62,,4,,2.91,3.71,summer,,,,,3.16,,
272,Schroeder-Dach,Organized discrete implementation,$,http://dummyimage.com/193x100.png/dddddd/000000,2.06,,,,2.98,,,winter,3.66,,2.6,,3.5,paradigm,true
273,"Heidenreich, Lemke and Koch",Universal local attitude,,http://dummyimage.com/210x100.png/dddddd/000000,3.48,,,7,,,3.26,summer,,,,3.85,,,
274,Dicki LLC,Upgradable responsive contingency,$$,http://dummyimage.com/108x100.png/dddddd/000000,4.7,2.66,,5,1.09,2.64,,summer,,,1.41,2.65,2.66,Devolved,
275,Wuckert-Dooley,Advanced 4th generation productivity,$$$,http://dummyimage.com/240x100.png/dddddd/000000,2.81,4.81,3.76,2,2.86,4.82,1.49,,2.5,4.24,1.35,,3.72,pricing structure,
276,Corwin-Beahan,Customer-focused maximized neural-net,$$,http://dummyimage.com/210x100.png/5fa2dd/ffffff,2.21,4.33,,,2.52,3.96,,summer,4.56,,,,,Re-engineered,
277,Bartell Group,Optimized dedicated internet solution,,http://dummyimage.com/224x100.png/dddddd/000000,2.14,,3.17,5,4.44,4.47,1.22,fall,,1.56,,2.39,1.83,,false
278,Marquardt and Sons,Phased logistical encryption,$,,,,3.57,4,4.17,,,fall,4.74,,,2.37,,Business-focused,true
279,"Heathcote, Stiedemann and Hane",Synergized exuding middleware,$$,http://dummyimage.com/227x100.png/dddddd/000000,1.49,1.51,,,3.55,4.57,1.96,spring,4.3,,,3.38,4.05,De-engineered,
280,Cartwright Group,Streamlined responsive support,free,http://dummyimage.com/119x100.png/5fa2dd/ffffff,2.8,4.43,,,2.14,,4.92,,3.13,4.23,,3.14,2.27,secondary,
281,"Fritsch, Jacobi and Kling",Function-based eco-centric instruction set,$$,,1.65,,4.17,,3.82,3.5,3.8,fall,,5.0,,,,,
282,Kautzer-Kautzer,Triple-buffered clear-thinking installation,$$,http://dummyimage.com/140x100.png/dddddd/000000,3.92,2.94,4.94,5,3.94,,3.39,,2.05,,4.95,,,Monitored,
283,"Mosciski, Koch and Ryan",Operative real-time implementation,$,http://dummyimage.com/176x100.png/cc0000/ffffff,,,,3,3.37,4.6,3.18,winter,2.5,3.14,,2.86,1.11,,true
284,"Terry, Pollich and Murphy",Optional directional definition,$,,1.33,4.69,,3,,,4.79,,4.53,,4.06,4.16,1.83,Configurable,false
285,O'Hara LLC,Profound multi-state internet solution,$$$,http://dummyimage.com/118x100.png/ff4444/ffffff,4.55,1.27,1.17,3,,4.34,,fall,,,3.66,4.01,3.08,contingency,true
286,Moen Group,Configurable content-based implementation,$,http://dummyimage.com/161x100.png/5fa2dd/ffffff,4.44,3.07,,,1.62,,2.13,spring,3.83,3.69,,3.38,,infrastructure,false
287,Quitzon-Waters,Open-architected multimedia matrix,$$$,http://dummyimage.com/147x100.png/5fa2dd/ffffff,4.31,,3.23,1,3.17,1.1,1.22,,2.84,,,4.53,,array,
288,McDermott Group,Expanded systemic function,$,,1.75,,4.25,3,,3.18,2.46,spring,,,1.54,,,website,
289,"Runte, Jast and Schimmel",Assimilated analyzing artificial intelligence,$,http://dummyimage.com/210x100.png/dddddd/000000,1.26,4.83,,,4.77,,,winter,1.87,,,4.17,,,
290,"Conroy, Stanton and Macejkovic",Integrated fresh-thinking monitoring,$$$,http://dummyimage.com/215x100.png/5fa2dd/ffffff,3.99,4.3,2.86,,2.62,,2.64,spring,4.55,,,,,human-resource,
291,Spencer Group,Synergized intermediate initiative,$$$,,2.4,1.24,,3,3.46,,4.34,,,,2.88,,,real-time,
292,Sawayn-Braun,Multi-channelled bandwidth-monitored success,$$,http://dummyimage.com/150x100.png/cc0000/ffffff,1.23,4.28,2.59,7,,4.67,1.27,winter,2.56,,,2.4,,,false
293,Koch and Sons,Distributed heuristic methodology,$,http://dummyimage.com/227x100.png/cc0000/ffffff,1.86,,1.32,3,,2.07,4.33,summer,,3.89,1.6,,,flexibility,
294,Goldner-Brown,Synchronised client-server contingency,free,http://dummyimage.com/124x100.png/dddddd/000000,2.97,,1.38,,4.13,4.79,4.65,summer,4.71,,,,3.9,24 hour,
295,Botsford-Thompson,Face to face exuding Graphic Interface,$$,http://dummyimage.com/133x100.png/dddddd/000000,4.28,3.38,4.45,,,,1.65,,,,4.62,1.43,,approach,true
296,Wilkinson and Sons,Inverse contextually-based knowledge base,$$$,http://dummyimage.com/162x100.png/5fa2dd/ffffff,4.07,2.52,1.24,5,4.67,,,winter,4.24,4.06,,2.99,1.84,approach,false
297,Stamm-Stoltenberg,Front-line global contingency,free,http://dummyimage.com/139x100.png/5fa2dd/ffffff,2.57,,3.79,5,2.03,,4.51,,,,,,,focus group,
298,Blick-Williamson,Configurable human-resource encoding,free,,4.42,3.9,2.12,4,3.72,3.27,,,,4.95,,1.31,,productivity,
299,"Stanton, Green and Batz",Streamlined zero administration support,,http://dummyimage.com/113x100.png/ff4444/ffffff,2.75,,2.89,,2.95,2.17,2.28,spring,,,,3.42,,alliance,true
300,"Muller, Pfeffer and Franecki",Progressive neutral matrix,free,http://dummyimage.com/122x100.png/ff4444/ffffff,1.89,,,,1.81,,1.72,fall,1.78,3.41,,,3.56,framework,
